"","MSFT.Open","MSFT.High","MSFT.Low","MSFT.Close","MSFT.Volume","MSFT.Adjusted"
"2017-01-03",62.790001,62.84,62.130001,62.580002,20694100,58.06546
"2017-01-04",62.48,62.75,62.119999,62.299999,21340000,57.805653
"2017-01-05",62.189999,62.66,62.029999,62.299999,24876000,57.805653
"2017-01-06",62.299999,63.150002,62.040001,62.84,19922900,58.306698
"2017-01-09",62.759998,63.080002,62.540001,62.639999,20382700,58.121124
"2017-01-10",62.73,63.07,62.279999,62.619999,18593000,58.102566
"2017-01-11",62.610001,63.23,62.43,63.189999,21517300,58.631443
"2017-01-12",63.060001,63.400002,61.950001,62.610001,20968200,58.093292
"2017-01-13",62.619999,62.869999,62.349998,62.700001,19422300,58.176796
"2017-01-17",62.68,62.700001,62.029999,62.529999,20664000,58.019058
"2017-01-18",62.669998,62.700001,62.119999,62.5,19670100,57.99123
"2017-01-19",62.240002,62.98,62.200001,62.299999,18451700,57.805653
"2017-01-20",62.669998,62.82,62.369999,62.740002,30213500,58.213917
"2017-01-23",62.700001,63.119999,62.57,62.959999,23097600,58.418034
"2017-01-24",63.200001,63.740002,62.939999,63.52,24672900,58.937649
"2017-01-25",63.950001,64.099998,63.450001,63.68,23672700,59.086102
"2017-01-26",64.120003,64.540001,63.549999,64.269997,43554600,59.63353
"2017-01-27",65.389999,65.910004,64.889999,65.779999,44818000,61.034584
"2017-01-30",65.690002,65.790001,64.800003,65.129997,31651400,60.431496
"2017-01-31",64.860001,65.150002,64.260002,64.650002,25270500,59.98613
"2017-02-01",64.360001,64.620003,63.470001,63.580002,39671500,58.99332
"2017-02-02",63.25,63.41,62.75,63.169998,45827000,58.612892
"2017-02-03",63.5,63.700001,63.07,63.68,30301800,59.086102
"2017-02-06",63.5,63.650002,63.139999,63.639999,19796400,59.048988
"2017-02-07",63.740002,63.779999,63.23,63.43,20277200,58.854137
"2017-02-08",63.57,63.810001,63.220001,63.34,18096400,58.770626
"2017-02-09",63.52,64.440002,63.32,64.059998,22644400,59.438686
"2017-02-10",64.25,64.300003,63.98,64,18170700,59.383011
"2017-02-13",64.239998,64.860001,64.129997,64.720001,22920100,60.051064
"2017-02-14",64.410004,64.720001,64.019997,64.57,23108400,60.275112
"2017-02-15",64.5,64.57,64.160004,64.529999,17005200,60.237766
"2017-02-16",64.739998,65.239998,64.440002,64.519997,20546300,60.228436
"2017-02-17",64.470001,64.690002,64.300003,64.620003,21248800,60.321796
"2017-02-21",64.610001,64.949997,64.449997,64.489998,20655900,60.200428
"2017-02-22",64.330002,64.389999,64.050003,64.360001,19292700,60.079086
"2017-02-23",64.419998,64.730003,64.190002,64.620003,20273100,60.321796
"2017-02-24",64.529999,64.800003,64.139999,64.620003,21796800,60.321796
"2017-02-27",64.540001,64.540001,64.050003,64.230003,15871500,59.957722
"2017-02-28",64.080002,64.199997,63.759998,63.98,23239800,59.724358
"2017-03-01",64.129997,64.989998,64.019997,64.940002,26937500,60.620502
"2017-03-02",64.690002,64.75,63.880001,64.010002,24539600,59.752365
"2017-03-03",63.990002,64.279999,63.619999,64.25,18135900,59.976387
"2017-03-06",63.970001,64.559998,63.810001,64.269997,18750300,59.995064
"2017-03-07",64.190002,64.779999,64.190002,64.400002,18521000,60.116417
"2017-03-08",64.260002,65.080002,64.25,64.989998,21510900,60.667179
"2017-03-09",65.190002,65.199997,64.480003,64.730003,19846800,60.424465
"2017-03-10",65.110001,65.260002,64.75,64.93,19538200,60.611168
"2017-03-13",65.010002,65.190002,64.57,64.709999,20100000,60.4058
"2017-03-14",64.529999,64.550003,64.150002,64.410004,14280200,60.125748
"2017-03-15",64.550003,64.919998,64.25,64.75,24833800,60.443142
"2017-03-16",64.75,64.760002,64.300003,64.639999,20674300,60.340454
"2017-03-17",64.910004,65.239998,64.68,64.870003,49219700,60.555157
"2017-03-20",64.910004,65.18,64.720001,64.93,14598100,60.611168
"2017-03-21",65.190002,65.5,64.129997,64.209999,26640500,59.939053
"2017-03-22",64.120003,65.139999,64.120003,65.029999,20680000,60.70451
"2017-03-23",64.940002,65.239998,64.769997,64.870003,19269200,60.555157
"2017-03-24",65.360001,65.449997,64.760002,64.980003,22617100,60.657841
"2017-03-27",64.629997,65.220001,64.349998,65.099998,18614700,60.769855
"2017-03-28",64.959999,65.470001,64.650002,65.290001,20080400,60.947231
"2017-03-29",65.120003,65.5,64.949997,65.470001,13618400,61.115242
"2017-03-30",65.419998,65.980003,65.360001,65.709999,15122800,61.339279
"2017-03-31",65.650002,66.190002,65.449997,65.860001,21040300,61.479305
"2017-04-03",65.809998,65.940002,65.190002,65.550003,20400900,61.18993
"2017-04-04",65.389999,65.809998,65.279999,65.730003,12997400,61.357952
"2017-04-05",66.300003,66.349998,65.440002,65.559998,21448600,61.199249
"2017-04-06",65.599998,66.059998,65.480003,65.730003,18103500,61.357952
"2017-04-07",65.849998,65.959999,65.440002,65.68,14108500,61.311272
"2017-04-10",65.610001,65.82,65.360001,65.529999,17952700,61.171257
"2017-04-11",65.599998,65.610001,64.849998,65.480003,18791500,61.124573
"2017-04-12",65.419998,65.510002,65.110001,65.230003,17108500,60.891216
"2017-04-13",65.290001,65.860001,64.949997,64.949997,17896500,60.629841
"2017-04-17",65.040001,65.489998,65.010002,65.480003,16689300,61.124573
"2017-04-18",65.330002,65.709999,65.160004,65.389999,15155600,61.040585
"2017-04-19",65.650002,65.75,64.889999,65.040001,26992800,60.713848
"2017-04-20",65.459999,65.75,65.139999,65.5,22299500,61.143246
"2017-04-21",65.669998,66.699997,65.449997,66.400002,32522600,61.983383
"2017-04-24",67.480003,67.660004,67.099998,67.529999,29770000,63.038219
"2017-04-25",67.900002,68.040001,67.599998,67.919998,30242700,63.402283
"2017-04-26",68.080002,68.309998,67.620003,67.830002,26190800,63.318283
"2017-04-27",68.150002,68.379997,67.580002,68.269997,34971000,63.728996
"2017-04-28",68.910004,69.139999,67.690002,68.459999,39548800,63.906357
"2017-05-01",68.68,69.550003,68.5,69.410004,31954400,64.793198
"2017-05-02",69.709999,69.709999,69.129997,69.300003,23906100,64.690498
"2017-05-03",69.379997,69.379997,68.709999,69.080002,28928000,64.48513
"2017-05-04",69.029999,69.080002,68.639999,68.809998,21749400,64.233093
"2017-05-05",68.900002,69.029999,68.489998,69,19128800,64.410446
"2017-05-08",68.970001,69.050003,68.419998,68.940002,18566100,64.354446
"2017-05-09",68.860001,69.279999,68.68,69.040001,22858400,64.4478
"2017-05-10",68.989998,69.559998,68.919998,69.309998,17977800,64.699821
"2017-05-11",68.360001,68.730003,68.120003,68.459999,28789400,63.906357
"2017-05-12",68.610001,68.610001,68.040001,68.379997,18714100,63.83168
"2017-05-15",68.139999,68.480003,67.57,68.43,31530300,63.878361
"2017-05-16",68.230003,69.440002,68.160004,69.410004,34956000,65.164558
"2017-05-17",68.889999,69.099998,67.43,67.480003,30548800,63.352634
"2017-05-18",67.400002,68.129997,67.139999,67.709999,25201300,63.568558
"2017-05-19",67.5,68.099998,67.43,67.690002,26961100,63.549786
"2017-05-22",67.889999,68.5,67.5,68.449997,16237600,64.263283
"2017-05-23",68.720001,68.75,68.379997,68.68,15425800,64.479225
"2017-05-24",68.870003,68.879997,68.449997,68.769997,14593900,64.563713
"2017-05-25",68.970001,69.879997,68.910004,69.620003,21854100,65.36174
"2017-05-26",69.800003,70.220001,69.519997,69.959999,19827900,65.680923
"2017-05-30",69.790001,70.410004,69.769997,70.410004,17072800,66.103416
"2017-05-31",70.529999,70.739998,69.809998,69.839996,30436400,65.568268
"2017-06-01",70.239998,70.610001,69.449997,70.099998,21603600,65.81237
"2017-06-02",70.440002,71.860001,70.239998,71.760002,34770300,67.370827
"2017-06-05",71.970001,72.889999,71.809998,72.279999,33316800,67.859024
"2017-06-06",72.300003,72.620003,72.269997,72.519997,31511100,68.084343
"2017-06-07",72.639999,72.769997,71.949997,72.389999,22301800,67.962288
"2017-06-08",72.510002,72.519997,71.5,71.949997,24588300,67.54921
"2017-06-09",72.040001,72.080002,68.589996,70.32,49187400,66.018906
"2017-06-12",69.25,69.940002,68.129997,69.779999,47761700,65.511925
"2017-06-13",70.019997,70.82,69.959999,70.650002,25258600,66.328728
"2017-06-14",70.910004,71.099998,69.43,70.269997,25510700,65.97197
"2017-06-15",69.269997,70.209999,68.800003,69.900002,26068700,65.624596
"2017-06-16",69.730003,70.029999,69.220001,70,48345100,65.718483
"2017-06-19",70.5,70.940002,70.349998,70.870003,23798300,66.535278
"2017-06-20",70.82,70.870003,69.870003,69.910004,21512200,65.633995
"2017-06-21",70.209999,70.620003,69.940002,70.269997,19891100,65.97197
"2017-06-22",70.540001,70.589996,69.709999,70.260002,22965700,65.962563
"2017-06-23",70.089996,71.25,69.919998,71.209999,27617300,66.854462
"2017-06-26",71.400002,71.709999,70.440002,70.529999,19607000,66.216064
"2017-06-27",70.110001,70.18,69.18,69.209999,25215100,64.976799
"2017-06-28",69.209999,69.839996,68.790001,69.800003,25806200,65.530716
"2017-06-29",69.379997,69.489998,68.089996,68.489998,28918700,64.300842
"2017-06-30",68.779999,69.379997,68.739998,68.93,24161100,64.713928
"2017-07-03",69.330002,69.599998,68.019997,68.169998,16165500,64.000389
"2017-07-05",68.260002,69.440002,68.220001,69.080002,21176300,64.854744
"2017-07-06",68.269997,68.779999,68.120003,68.57,21117600,64.375938
"2017-07-07",68.699997,69.839996,68.699997,69.459999,16878300,65.21151
"2017-07-10",69.459999,70.25,69.199997,69.980003,15014500,65.699715
"2017-07-11",70,70.68,69.75,69.989998,17460000,65.709099
"2017-07-12",70.690002,71.279999,70.550003,71.150002,17750900,66.798149
"2017-07-13",71.5,72.040001,71.309998,71.769997,20269800,67.380219
"2017-07-14",72.239998,73.269997,71.959999,72.779999,25868100,68.32843
"2017-07-17",72.800003,73.449997,72.720001,73.349998,21803900,68.863579
"2017-07-18",73.089996,73.389999,72.660004,73.300003,26435300,68.81665
"2017-07-19",73.5,74.040001,73.449997,73.860001,22416200,69.342384
"2017-07-20",74.18,74.300003,73.279999,74.220001,42361000,69.680367
"2017-07-21",73.449997,74.290001,73.169998,73.790001,46717100,69.276657
"2017-07-24",73.529999,73.75,73.129997,73.599998,21394800,69.098282
"2017-07-25",73.800003,74.309998,73.5,74.190002,22018700,69.652199
"2017-07-26",74.339996,74.379997,73.809998,74.050003,16252200,69.520767
"2017-07-27",73.760002,74.419998,72.32,73.160004,36844200,68.685211
"2017-07-28",72.669998,73.309998,72.540001,73.040001,18306700,68.572548
"2017-07-31",73.300003,73.440002,72.410004,72.699997,23600100,68.253357
"2017-08-01",73.099998,73.419998,72.489998,72.580002,22132300,68.140663
"2017-08-02",72.550003,72.559998,71.440002,72.260002,26499200,67.840256
"2017-08-03",72.190002,72.440002,71.849998,72.150002,18214400,67.736977
"2017-08-04",72.400002,73.040001,72.239998,72.68,22579000,68.234566
"2017-08-07",72.800003,72.900002,72.260002,72.400002,18705700,67.971695
"2017-08-08",72.089996,73.129997,71.75,72.790001,22044600,68.337837
"2017-08-09",72.25,72.510002,72.050003,72.470001,22213400,68.037392
"2017-08-10",71.900002,72.190002,71.349998,71.410004,24734500,67.042244
"2017-08-11",71.610001,72.699997,71.279999,72.5,21443700,68.06559
"2017-08-14",73.059998,73.720001,72.949997,73.589996,20096600,69.08889
"2017-08-15",73.589996,73.589996,73.040001,73.220001,19181400,69.107773
"2017-08-16",73.339996,74.099998,73.169998,73.650002,18150400,69.513634
"2017-08-17",73.580002,73.870003,72.400002,72.400002,22977500,68.333839
"2017-08-18",72.269997,72.839996,71.93,72.489998,18761500,68.41877
"2017-08-21",72.470001,72.480003,71.699997,72.150002,17734800,68.09787
"2017-08-22",72.349998,73.239998,72.349998,73.160004,14343700,69.051155
"2017-08-23",72.959999,73.150002,72.529999,72.720001,13766500,68.635864
"2017-08-24",72.739998,72.860001,72.07,72.690002,17098300,68.607536
"2017-08-25",72.860001,73.349998,72.480003,72.82,12794300,68.730247
"2017-08-28",73.059998,73.089996,72.550003,72.830002,14569700,68.739677
"2017-08-29",72.25,73.160004,72.050003,73.050003,11478400,68.947319
"2017-08-30",73.010002,74.209999,72.830002,74.010002,16897800,69.853401
"2017-08-31",74.029999,74.959999,73.800003,74.769997,27652800,70.570709
"2017-09-01",74.709999,74.739998,73.639999,73.940002,21736200,69.787354
"2017-09-05",73.339996,73.889999,72.980003,73.610001,21556000,69.475883
"2017-09-06",73.739998,74.040001,73.349998,73.400002,16535800,69.277679
"2017-09-07",73.68,74.599998,73.599998,74.339996,17471200,70.164879
"2017-09-08",74.330002,74.440002,73.839996,73.980003,14703800,69.825111
"2017-09-11",74.309998,74.940002,74.309998,74.760002,17910400,70.561287
"2017-09-12",74.760002,75.239998,74.370003,74.68,14394900,70.485786
"2017-09-13",74.93,75.230003,74.550003,75.209999,13380800,70.986008
"2017-09-14",75,75.489998,74.519997,74.769997,15733900,70.570709
"2017-09-15",74.830002,75.389999,74.07,75.309998,38578400,71.080383
"2017-09-18",75.230003,75.970001,75.040001,75.160004,23307000,70.93882
"2017-09-19",75.209999,75.709999,75.010002,75.440002,16093300,71.203094
"2017-09-20",75.349998,75.550003,74.309998,74.940002,21587900,70.731163
"2017-09-21",75.110001,75.239998,74.110001,74.209999,19186100,70.042191
"2017-09-22",73.989998,74.510002,73.849998,74.410004,14111400,70.230949
"2017-09-25",74.089996,74.25,72.919998,73.260002,24149200,69.145531
"2017-09-26",73.669998,73.809998,72.989998,73.260002,18019600,69.145531
"2017-09-27",73.550003,74.169998,73.169998,73.849998,19565100,69.702385
"2017-09-28",73.540001,73.970001,73.309998,73.870003,10883800,69.721268
"2017-09-29",73.940002,74.540001,73.879997,74.489998,17079100,70.306442
"2017-10-02",74.709999,75.010002,74.300003,74.610001,15304800,70.419708
"2017-10-03",74.669998,74.879997,74.190002,74.260002,12190400,70.089363
"2017-10-04",74.089996,74.720001,73.709999,74.690002,13317700,70.495209
"2017-10-05",75.220001,76.120003,74.959999,75.970001,21195300,71.703323
"2017-10-06",75.669998,76.029999,75.540001,76,13959800,71.731644
"2017-10-09",75.970001,76.550003,75.860001,76.290001,11386500,72.005356
"2017-10-10",76.330002,76.629997,76.139999,76.290001,13944500,72.005356
"2017-10-11",76.360001,76.459999,75.949997,76.419998,15388900,72.128052
"2017-10-12",76.489998,77.290001,76.370003,77.120003,16876500,72.788734
"2017-10-13",77.589996,77.870003,77.290001,77.489998,15335700,73.137947
"2017-10-16",77.419998,77.809998,77.349998,77.650002,12380100,73.288994
"2017-10-17",77.470001,77.620003,77.25,77.589996,16824000,73.232338
"2017-10-18",77.669998,77.849998,77.370003,77.610001,13300700,73.251244
"2017-10-19",77.57,77.93,77.349998,77.910004,15092800,73.53437
"2017-10-20",78.32,78.970001,78.220001,78.809998,22866400,74.383827
"2017-10-23",78.989998,79.339996,78.760002,78.830002,20627200,74.402687
"2017-10-24",78.900002,79.199997,78.459999,78.860001,17517200,74.431038
"2017-10-25",78.580002,79.099998,78.010002,78.629997,20410800,74.213928
"2017-10-26",79.199997,79.419998,78.75,78.760002,32120700,74.336632
"2017-10-27",84.370003,86.199997,83.610001,83.809998,71066700,79.103012
"2017-10-30",83.699997,84.330002,83.110001,83.889999,31756700,79.17852
"2017-10-31",84.360001,84.360001,83.110001,83.18,27086600,78.508392
"2017-11-01",83.68,83.760002,82.879997,83.18,22307400,78.508392
"2017-11-02",83.349998,84.459999,83.120003,84.050003,23992900,79.329552
"2017-11-03",84.080002,84.540001,83.400002,84.139999,17633500,79.414482
"2017-11-06",84.199997,84.699997,84.080002,84.470001,19860900,79.725952
"2017-11-07",84.769997,84.900002,83.93,84.269997,17939700,79.537186
"2017-11-08",84.139999,84.610001,83.830002,84.559998,18034200,79.81089
"2017-11-09",84.110001,84.269997,82.900002,84.089996,21178400,79.367287
"2017-11-10",83.790001,84.099998,83.230003,83.870003,19397800,79.15966
"2017-11-13",83.660004,83.940002,83.459999,83.93,14196900,79.216293
"2017-11-14",83.5,84.099998,82.980003,84.050003,18801300,79.329552
"2017-11-15",83.470001,83.690002,82.690002,82.980003,19383100,78.712959
"2017-11-16",83.099998,83.419998,82.940002,83.199997,20962800,78.921631
"2017-11-17",83.120003,83.120003,82.239998,82.400002,22079000,78.162773
"2017-11-20",82.400002,82.589996,82.25,82.529999,16315000,78.28611
"2017-11-21",82.739998,83.839996,82.739998,83.720001,21237500,79.414902
"2017-11-22",83.830002,83.900002,83.040001,83.110001,20553100,78.836281
"2017-11-24",83.010002,83.43,82.779999,83.260002,7425600,78.978554
"2017-11-27",83.309998,83.980003,83.300003,83.870003,18265200,79.557205
"2017-11-28",84.07,85.059998,84.019997,84.879997,21926000,80.515244
"2017-11-29",84.709999,84.919998,83.18,83.339996,27381100,79.054451
"2017-11-30",83.510002,84.519997,83.339996,84.169998,33054600,79.841766
"2017-12-01",83.599998,84.809998,83.220001,84.260002,29532100,79.927132
"2017-12-04",84.419998,84.43,80.699997,81.080002,39094900,76.910667
"2017-12-05",81.339996,82.68,80.980003,81.589996,26152300,77.394432
"2017-12-06",81.550003,83.139999,81.43,82.779999,26162100,78.523247
"2017-12-07",82.540001,82.800003,82,82.489998,23184500,78.248169
"2017-12-08",83.629997,84.580002,83.330002,84.160004,24489100,79.832291
"2017-12-11",84.290001,85.370003,84.120003,85.230003,22857900,80.84726
"2017-12-12",85.309998,86.050003,85.080002,85.580002,23924100,81.179268
"2017-12-13",85.739998,86,85.169998,85.349998,22062700,80.961098
"2017-12-14",85.43,85.870003,84.529999,84.690002,19306000,80.33503
"2017-12-15",85.260002,87.089996,84.879997,86.849998,53936700,82.383949
"2017-12-18",87.120003,87.5,86.230003,86.379997,22283800,81.938118
"2017-12-19",86.349998,86.349998,85.269997,85.830002,23524800,81.41642
"2017-12-20",86.199997,86.300003,84.709999,85.519997,23674900,81.122368
"2017-12-21",86.050003,86.099998,85.400002,85.5,17990700,81.103378
"2017-12-22",85.400002,85.629997,84.919998,85.510002,14145800,81.112869
"2017-12-26",85.309998,85.529999,85.029999,85.400002,9891200,81.00853
"2017-12-27",85.650002,85.980003,85.220001,85.709999,14678000,81.302574
"2017-12-28",85.900002,85.93,85.550003,85.720001,10594300,81.312073
"2017-12-29",85.629997,86.050003,85.5,85.540001,18717400,81.141319
"2018-01-02",86.129997,86.309998,85.5,85.949997,22483800,81.530228
"2018-01-03",86.059998,86.510002,85.970001,86.349998,26061400,81.90966
"2018-01-04",86.589996,87.660004,86.57,87.110001,21912000,82.630577
"2018-01-05",87.660004,88.410004,87.43,88.190002,23407100,83.655037
"2018-01-08",88.199997,88.580002,87.599998,88.279999,22113000,83.740402
"2018-01-09",88.650002,88.730003,87.860001,88.220001,19484300,83.68351
"2018-01-10",87.860001,88.190002,87.410004,87.82,18652200,83.304062
"2018-01-11",88.129997,88.129997,87.239998,88.080002,17808900,83.550697
"2018-01-12",88.669998,89.779999,88.449997,89.599998,24271500,84.992523
"2018-01-16",90.099998,90.790001,88.010002,88.349998,36599700,83.806816
"2018-01-17",89.080002,90.279999,88.75,90.139999,25621200,85.504784
"2018-01-18",89.800003,90.669998,89.660004,90.099998,24159700,85.466835
"2018-01-19",90.139999,90.610001,89.660004,90,36875000,85.371964
"2018-01-22",90,91.620003,89.739998,91.610001,23601600,86.899193
"2018-01-23",91.900002,92.300003,91.540001,91.900002,23412800,87.174294
"2018-01-24",92.550003,93.43,91.580002,91.82,33277500,87.098381
"2018-01-25",92.470001,93.239998,91.93,92.330002,26383200,87.582169
"2018-01-26",93.120003,94.059998,92.580002,94.059998,29172200,89.223198
"2018-01-29",95.139999,95.449997,93.720001,93.919998,31569900,89.090385
"2018-01-30",93.300003,93.660004,92.099998,92.739998,38635100,87.971077
"2018-01-31",93.75,95.400002,93.510002,95.010002,48756300,90.124359
"2018-02-01",94.790001,96.07,93.580002,94.260002,47227900,89.41291
"2018-02-02",93.639999,93.970001,91.5,91.779999,47867800,87.06044
"2018-02-05",90.559998,93.239998,88,88,51031500,83.474831
"2018-02-06",86.889999,91.480003,85.25,91.330002,67998600,86.633583
"2018-02-07",90.489998,91.769997,89.199997,89.610001,41107600,85.002037
"2018-02-08",89.709999,89.879997,84.760002,85.010002,55628700,80.638588
"2018-02-09",86.300003,88.93,83.830002,88.18,63499100,83.645569
"2018-02-12",88.739998,89.779999,87.93,89.129997,35720300,84.546692
"2018-02-13",88.93,90,87.800003,89.830002,26407700,85.210724
"2018-02-14",88.510002,90.989998,88.410004,90.809998,34960900,86.54496
"2018-02-15",91.209999,92.720001,90.620003,92.660004,27823900,88.308075
"2018-02-16",92.449997,93.5,91.800003,92,30596900,87.679077
"2018-02-20",91.480003,93.059998,91.010002,92.720001,30911700,88.36525
"2018-02-21",92.980003,93.360001,91.489998,91.489998,26922500,87.193016
"2018-02-22",92.050003,92.730003,91.360001,91.730003,24392800,87.421768
"2018-02-23",93.599998,94.07,92.360001,94.059998,26329200,89.642311
"2018-02-26",94.400002,95.449997,94.25,95.419998,30199800,90.938431
"2018-02-27",95.739998,95.839996,94.199997,94.199997,25869100,89.775742
"2018-02-28",94.839996,95.709999,93.629997,93.769997,31167300,89.365936
"2018-03-01",93.989998,94.57,91.839996,92.849998,37135600,88.489143
"2018-03-02",91.580002,93.150002,90.860001,93.050003,32830400,88.679771
"2018-03-05",92.339996,94.269997,92.260002,93.639999,23901600,89.242035
"2018-03-06",94.339996,94.489998,92.940002,93.32,22175800,88.93708
"2018-03-07",93.160004,93.940002,92.43,93.860001,26716100,89.451706
"2018-03-08",94.269997,95.099998,93.769997,94.43,25887800,89.994957
"2018-03-09",95.290001,96.540001,95,96.540001,36937300,92.005844
"2018-03-12",96.5,97.209999,96.040001,96.769997,26073700,92.225044
"2018-03-13",97,97.239998,93.970001,94.410004,35387800,89.975876
"2018-03-14",95.120003,95.410004,93.5,93.849998,32132000,89.442184
"2018-03-15",93.529999,94.580002,92.830002,94.18,27611000,89.756683
"2018-03-16",94.68,95.379997,93.919998,94.599998,49081300,90.15696
"2018-03-19",93.739998,93.900002,92.110001,92.889999,33344100,88.527275
"2018-03-20",93.050003,93.769997,93,93.129997,23075200,88.756004
"2018-03-21",92.93,94.050003,92.209999,92.480003,24457100,88.136536
"2018-03-22",91.269997,91.75,89.660004,89.790001,38604700,85.572861
"2018-03-23",89.5,90.459999,87.080002,87.18,44068900,83.085449
"2018-03-26",90.610001,94,90.400002,93.779999,56396800,89.375465
"2018-03-27",94.940002,95.139999,88.510002,89.470001,56569000,85.267906
"2018-03-28",89.82,91.230003,88.870003,89.389999,52501100,85.191643
"2018-03-29",90.18,92.290001,88.400002,91.269997,45867500,86.983337
"2018-04-02",90.470001,90.879997,87.510002,88.519997,48515400,84.362534
"2018-04-03",89.580002,90.050003,87.889999,89.709999,37213800,85.496635
"2018-04-04",87.849998,92.760002,87.730003,92.330002,35560000,87.993591
"2018-04-05",92.440002,93.07,91.400002,92.379997,29771900,88.041222
"2018-04-06",91.489998,92.459999,89.480003,90.230003,38026000,85.99221
"2018-04-09",91.040001,93.169998,90.620003,90.769997,31533900,86.506844
"2018-04-10",92.389999,93.279999,91.639999,92.879997,26812000,88.517746
"2018-04-11",92.010002,93.290001,91.480003,91.860001,24872100,87.545647
"2018-04-12",92.43,94.160004,92.43,93.580002,26758900,89.184868
"2018-04-13",94.050003,94.18,92.440002,93.080002,23346100,88.708359
"2018-04-16",94.07,94.660004,93.419998,94.169998,20288100,89.747154
"2018-04-17",95,96.540001,94.879997,96.07,26771000,91.55793
"2018-04-18",96.220001,96.720001,95.519997,96.440002,21043300,91.910538
"2018-04-19",96.440002,97.07,95.339996,96.110001,23552500,91.596031
"2018-04-20",95.910004,96.110001,94.050003,95,31154400,90.538177
"2018-04-23",95.739998,96.290001,94.629997,95.349998,22331800,90.871727
"2018-04-24",96.239998,96.470001,92.410004,93.120003,34524800,88.746475
"2018-04-25",93.300003,93.300003,90.279999,92.309998,33729300,87.97451
"2018-04-26",93.550003,95.150002,93.099998,94.260002,42529000,89.832909
"2018-04-27",97.599998,97.900002,93.910004,95.82,48272800,91.319649
"2018-04-30",96.330002,96.400002,93.150002,93.519997,41523600,89.12767
"2018-05-01",93.209999,95.290001,92.790001,95,31408900,90.538177
"2018-05-02",94.989998,95.169998,93.190002,93.510002,27471000,89.118156
"2018-05-03",92.959999,94.93,92.449997,94.07,31142500,89.651848
"2018-05-04",93.32,95.370003,92.919998,95.160004,22531300,90.690651
"2018-05-07",95.169998,96.709999,95.099998,96.220001,24242000,91.700874
"2018-05-08",95.849998,96.160004,95.059998,95.809998,23484600,91.310135
"2018-05-09",96.010002,96.970001,95.050003,96.940002,27327400,92.387039
"2018-05-10",97.459999,97.949997,97.050003,97.910004,22388100,93.311501
"2018-05-11",97.800003,97.870003,97.040001,97.699997,16778300,93.111351
"2018-05-14",97.919998,98.690002,97.309998,98.029999,19454100,93.425865
"2018-05-15",97.239998,97.849998,96.339996,97.32,24594000,92.749191
"2018-05-16",97.360001,97.400002,96.620003,97.150002,17384700,92.988503
"2018-05-17",96.760002,97.540001,95.830002,96.18,17246700,92.060051
"2018-05-18",96.010002,96.93,96.010002,96.360001,17865800,92.232353
"2018-05-21",97,98.010002,96.800003,97.599998,19422500,93.419235
"2018-05-22",97.68,98.169998,97.199997,97.5,15441200,93.323509
"2018-05-23",96.709999,98.730003,96.32,98.660004,21251200,94.43383
"2018-05-24",98.730003,98.940002,96.809998,98.309998,26649300,94.098808
"2018-05-25",98.300003,98.980003,97.860001,98.360001,18363900,94.146675
"2018-05-29",97.839996,98.879997,97.230003,98.010002,28671000,93.811661
"2018-05-30",98.309998,99.25,97.910004,98.949997,22158500,94.711388
"2018-05-31",99.290001,99.989998,98.610001,98.839996,34140900,94.606125
"2018-06-01",99.279999,100.860001,99.169998,100.790001,28655600,96.472572
"2018-06-04",101.260002,101.860001,100.849998,101.669998,27281600,97.31488
"2018-06-05",102,102.330002,101.529999,102.190002,23514400,97.812614
"2018-06-06",102.480003,102.599998,101.900002,102.489998,21122900,98.099762
"2018-06-07",102.650002,102.690002,100.379997,100.879997,28232200,96.558723
"2018-06-08",101.089996,101.949997,100.540001,101.629997,22165100,97.276596
"2018-06-11",101.010002,101.589996,100.669998,101.050003,23490900,96.721458
"2018-06-12",101.099998,101.449997,100.75,101.309998,18325200,96.970306
"2018-06-13",101.720001,102.010002,100.559998,100.849998,29492900,96.530006
"2018-06-14",101.650002,102.029999,101,101.419998,25691800,97.075584
"2018-06-15",101.510002,101.529999,100.07,100.129997,65738600,95.840851
"2018-06-18",100.010002,101.110001,99.419998,100.860001,23586000,96.539574
"2018-06-19",99.650002,101,99.5,100.860001,28653100,96.539574
"2018-06-20",101.370003,102.519997,101.120003,101.870003,26180800,97.506317
"2018-06-21",102.080002,102.459999,100.879997,101.139999,23198200,96.807587
"2018-06-22",100.410004,100.769997,99.629997,100.410004,38923100,96.108871
"2018-06-25",100,100.110001,97.300003,98.389999,35433300,94.175385
"2018-06-26",98.82,100.080002,98.75,99.080002,26897200,94.835854
"2018-06-27",99.580002,100.019997,97.400002,97.540001,31298400,93.361801
"2018-06-28",97.379997,99.110001,97.260002,98.629997,26650700,94.405098
"2018-06-29",98.93,99.910004,98.330002,98.610001,28053200,94.385963
"2018-07-02",98.099998,100.059998,98,100.010002,19564500,95.72599
"2018-07-03",100.480003,100.629997,98.940002,99.050003,14670300,94.807129
"2018-07-05",99.5,99.919998,99.029999,99.760002,18977400,95.486702
"2018-07-06",99.889999,101.43,99.669998,101.160004,19234600,96.826744
"2018-07-09",101.650002,102.25,101.25,101.849998,18212000,97.487167
"2018-07-10",102,102.510002,101.860001,102.120003,19293100,97.745613
"2018-07-11",101.150002,102.339996,101.099998,101.980003,19644600,97.611618
"2018-07-12",102.769997,104.410004,102.730003,104.190002,24335900,99.726952
"2018-07-13",104.370003,105.599998,104.089996,105.43,24635200,100.913826
"2018-07-16",105.400002,105.82,104.519997,104.910004,21786900,100.4161
"2018-07-17",104.610001,106.5,104.32,105.949997,25901700,101.411545
"2018-07-18",105.940002,106.050003,104.720001,105.120003,29493900,100.617104
"2018-07-19",104.93,105.309998,103.889999,104.400002,40171600,99.927933
"2018-07-20",108.080002,108.199997,106.080002,106.269997,56004000,101.717827
"2018-07-23",106.300003,108.139999,106.129997,107.970001,29707000,103.345024
"2018-07-24",108.57,108.82,107.260002,107.660004,26316600,103.048302
"2018-07-25",107.959999,111.150002,107.599998,110.830002,30702100,106.082512
"2018-07-26",110.739998,111,109.5,109.620003,31372100,104.924339
"2018-07-27",110.18,110.18,106.139999,107.68,37005300,103.067436
"2018-07-30",107.190002,107.529999,104.760002,105.370003,34668300,100.8564
"2018-07-31",106.489998,106.720001,105.379997,106.080002,27655200,101.535995
"2018-08-01",106.029999,106.449997,105.419998,106.279999,23628700,101.727402
"2018-08-02",105.400002,108.089996,104.839996,107.57,26104300,102.962158
"2018-08-03",107.800003,108.050003,106.82,108.040001,18659600,103.412025
"2018-08-06",108.120003,108.419998,107.559998,108.129997,20265900,103.498154
"2018-08-07",108.559998,109.099998,108.169998,108.879997,16080200,104.216026
"2018-08-08",109.330002,109.75,108.760002,109.489998,15487500,104.799911
"2018-08-09",109.709999,110.160004,109.599998,109.669998,13677200,104.972198
"2018-08-10",109.419998,109.690002,108.379997,109,18183700,104.330887
"2018-08-13",109.239998,109.580002,108.099998,108.209999,18472500,103.57473
"2018-08-14",108.559998,109.75,108.040001,109.559998,16788300,104.866898
"2018-08-15",108.489998,108.989998,106.82,107.660004,29982800,103.444847
"2018-08-16",108.300003,108.860001,107.300003,107.639999,21384300,103.425636
"2018-08-17",107.360001,107.900002,106.690002,107.580002,18061500,103.367981
"2018-08-20",107.510002,107.900002,106.480003,106.870003,17914200,102.685791
"2018-08-21",106.919998,107.349998,105.849998,105.980003,22881900,101.830635
"2018-08-22",105.849998,107.339996,105.779999,107.059998,18000600,102.868355
"2018-08-23",107.150002,108.18,106.870003,107.559998,18167700,103.34877
"2018-08-24",107.669998,108.559998,107.559998,108.400002,17234000,104.155891
"2018-08-27",109.269997,109.639999,108.510002,109.599998,19662300,105.308914
"2018-08-28",109.940002,110.5,109.790001,110.260002,19151500,105.943062
"2018-08-29",110.449997,112.029999,110.269997,112.019997,20818000,107.634148
"2018-08-30",111.669998,112.610001,111.440002,111.949997,22798700,107.566895
"2018-08-31",111.690002,112.779999,111.519997,112.330002,23222700,107.932022
"2018-09-04",110.849998,111.959999,110.220001,111.709999,22634600,107.336288
"2018-09-05",111.010002,111.419998,108.099998,108.489998,32872400,104.242363
"2018-09-06",108.25,108.989998,107.510002,108.739998,23477600,104.482574
"2018-09-07",108.230003,108.720001,107.230003,108.209999,22498600,103.973312
"2018-09-10",108.839996,109.639999,108.360001,109.379997,20727900,105.097504
"2018-09-11",108.900002,111.589996,108.889999,111.239998,24301800,106.884682
"2018-09-12",111.43,111.849998,110.510002,111.709999,18891100,107.336288
"2018-09-13",112.120003,113.730003,112.120003,112.910004,26055600,108.489311
"2018-09-14",113.360001,113.730003,112.440002,113.370003,19122300,108.93129
"2018-09-17",113.690002,113.699997,111.860001,112.139999,20736500,107.749443
"2018-09-18",112.190002,113.699997,111.720001,113.209999,22170900,108.777557
"2018-09-19",113.050003,113.32,111.040001,111.699997,21728400,107.326691
"2018-09-20",112.279999,113.800003,111.93,113.57,23714500,109.123482
"2018-09-21",114,115.290001,113.510002,114.260002,71229700,109.786461
"2018-09-24",113.029999,114.900002,112.220001,114.669998,27334500,110.180412
"2018-09-25",114.800003,115.099998,113.75,114.449997,22668000,109.969017
"2018-09-26",114.470001,115.059998,113.739998,113.980003,19352000,109.517433
"2018-09-27",114.779999,114.910004,114.199997,114.410004,19091300,109.930588
"2018-09-28",114.190002,114.57,113.68,114.370003,21647800,109.892143
"2018-10-01",114.75,115.68,114.730003,115.610001,18883100,111.083595
"2018-10-02",115.300003,115.839996,114.440002,115.150002,20787200,110.641609
"2018-10-03",115.419998,116.18,114.93,115.169998,16648000,110.660805
"2018-10-04",114.610001,114.760002,111.629997,112.790001,34821700,108.374008
"2018-10-05",112.629997,113.169998,110.639999,112.129997,29068900,107.739838
"2018-10-08",111.660004,112.029999,109.339996,110.849998,29640600,106.509964
"2018-10-09",111.139999,113.080002,110.800003,112.260002,26198600,107.864761
"2018-10-10",111.239998,111.5,105.790001,106.160004,61376300,102.003586
"2018-10-11",105.349998,108.93,104.199997,105.910004,63904300,101.76339
"2018-10-12",109.010002,111.239998,107.120003,109.57,47742100,105.280083
"2018-10-15",108.910004,109.480003,106.949997,107.599998,32068100,103.387199
"2018-10-16",109.540001,111.410004,108.949997,111,31610200,106.654091
"2018-10-17",111.68,111.809998,109.550003,110.709999,26548200,106.375443
"2018-10-18",110.099998,110.529999,107.830002,108.5,32506200,104.251976
"2018-10-19",108.93,110.860001,108.209999,108.660004,32785500,104.405701
"2018-10-22",109.32,110.540001,108.239998,109.629997,26545600,105.33773
"2018-10-23",107.769997,108.970001,105.110001,108.099998,43770400,103.86763
"2018-10-24",108.410004,108.489998,101.589996,102.32,63897800,98.313934
"2018-10-25",106.550003,109.269997,106.150002,108.300003,61646800,104.059807
"2018-10-26",105.690002,108.75,104.760002,106.959999,55523100,102.772247
"2018-10-29",108.110001,108.699997,101.629997,103.849998,55162000,99.784035
"2018-10-30",103.660004,104.379997,100.110001,103.730003,65350900,99.668724
"2018-10-31",105.440002,108.139999,105.389999,106.809998,51062400,102.628143
"2018-11-01",107.050003,107.32,105.529999,105.919998,33384200,101.77298
"2018-11-02",106.480003,107.32,104.980003,106.160004,37680200,102.003586
"2018-11-05",106.370003,107.739998,105.900002,107.510002,27922100,103.300728
"2018-11-06",107.379997,108.839996,106.279999,107.720001,24340200,103.50251
"2018-11-07",109.440002,112.239998,109.400002,111.959999,37901700,107.5765
"2018-11-08",111.800003,112.209999,110.910004,111.75,25644100,107.374725
"2018-11-09",110.849998,111.449997,108.760002,109.57,32039200,105.280083
"2018-11-12",109.419998,109.959999,106.099998,106.870003,33621800,102.685791
"2018-11-13",107.550003,108.739998,106.639999,106.940002,35374600,102.753044
"2018-11-14",108.099998,108.260002,104.470001,104.970001,39495100,101.295914
"2018-11-15",104.989998,107.800003,103.910004,107.279999,38505200,103.52504
"2018-11-16",107.080002,108.879997,106.800003,108.290001,33502100,104.499695
"2018-11-19",108.269997,108.559998,103.550003,104.620003,44773900,100.95816
"2018-11-20",101.800003,102.970001,99.349998,101.709999,64052500,98.150009
"2018-11-21",103.599998,104.43,102.239998,103.110001,28130600,99.500999
"2018-11-23",102.169998,103.809998,102,103.07,13823100,99.462402
"2018-11-26",104.790001,106.629997,104.580002,106.470001,32336200,102.743401
"2018-11-27",106.269997,107.330002,105.360001,107.139999,29124500,103.389946
"2018-11-28",107.889999,111.330002,107.860001,111.120003,46788500,107.230644
"2018-11-29",110.330002,111.120003,109.029999,110.190002,28123200,106.333206
"2018-11-30",110.699997,110.970001,109.360001,110.889999,33665600,107.00869
"2018-12-03",113,113.419998,110.730003,112.089996,34732800,108.166687
"2018-12-04",111.940002,112.639999,108.209999,108.519997,45197000,104.721634
"2018-12-06",105.82,109.239998,105,109.190002,49107400,105.368187
"2018-12-07",108.379997,109.449997,104.300003,104.82,45044900,101.151169
"2018-12-10",104.800003,107.980003,103.889999,107.589996,40801500,103.824188
"2018-12-11",109.800003,110.949997,107.440002,108.589996,42381900,104.789192
"2018-12-12",110.889999,111.269997,109.040001,109.080002,36183000,105.262039
"2018-12-13",109.580002,110.870003,108.629997,109.449997,31333400,105.619095
"2018-12-14",108.25,109.260002,105.5,106.029999,47043100,102.318794
"2018-12-17",105.410004,105.800003,101.709999,102.889999,56957300,99.288704
"2018-12-18",103.75,104.510002,102.519997,103.970001,49319200,100.330902
"2018-12-19",103.650002,106.879997,101.349998,103.690002,68198200,100.060715
"2018-12-20",103.050003,104.309998,98.779999,101.510002,70334200,97.956993
"2018-12-21",101.629997,103,97.459999,98.230003,111242100,94.791817
"2018-12-24",97.68,97.970001,93.980003,94.129997,43935200,90.835304
"2018-12-26",95.139999,100.690002,93.959999,100.559998,51634800,97.040253
"2018-12-27",99.300003,101.190002,96.400002,101.18,49498500,97.638573
"2018-12-28",102.089996,102.410004,99.519997,100.389999,38196300,96.876221
"2018-12-31",101.290001,102.400002,100.440002,101.57,33173800,98.0149
"2019-01-02",99.550003,101.75,98.940002,101.120003,35329300,97.580658
"2019-01-03",100.099998,100.190002,97.199997,97.400002,42579100,93.990868
"2019-01-04",99.720001,102.510002,98.93,101.93,44060600,98.362305
"2019-01-07",101.639999,103.269997,100.980003,102.059998,35656100,98.487755
"2019-01-08",103.040001,103.970001,101.709999,102.800003,31514400,99.201859
"2019-01-09",103.860001,104.879997,103.239998,104.269997,32280800,100.620399
"2019-01-10",103.220001,103.75,102.379997,103.599998,30067600,99.973846
"2019-01-11",103.190002,103.440002,101.639999,102.800003,28314200,99.201859
"2019-01-14",101.900002,102.870003,101.260002,102.050003,28437100,98.478104
"2019-01-15",102.510002,105.050003,101.879997,105.010002,31587600,101.334496
"2019-01-16",105.260002,106.260002,104.959999,105.379997,29853900,101.691551
"2019-01-17",105,106.629997,104.760002,106.120003,28393000,102.40564
"2019-01-18",107.459999,107.900002,105.910004,107.709999,37427600,103.939987
"2019-01-22",106.75,107.099998,104.860001,105.68,32371300,101.981064
"2019-01-23",106.120003,107.040001,105.339996,106.709999,25874300,102.974998
"2019-01-24",106.860001,107,105.339996,106.199997,23164800,102.482857
"2019-01-25",107.239998,107.879997,106.199997,107.169998,31225600,103.4189
"2019-01-28",106.260002,106.480003,104.660004,105.080002,29476700,101.402054
"2019-01-29",104.879997,104.970001,102.169998,102.940002,31490500,99.336945
"2019-01-30",104.620003,106.379997,104.330002,106.379997,49471900,102.656548
"2019-01-31",103.800003,105.220001,103.18,104.43,55636400,100.774796
"2019-02-01",103.779999,104.099998,102.349998,102.779999,35535700,99.182556
"2019-02-04",102.870003,105.800003,102.769997,105.739998,31315100,102.038963
"2019-02-05",106.059998,107.269997,105.959999,107.220001,27325400,103.467155
"2019-02-06",107,107,105.529999,106.029999,20609800,102.318794
"2019-02-07",105.190002,105.589996,104.290001,105.269997,29760700,101.585396
"2019-02-08",104.389999,105.779999,104.260002,105.669998,21461100,101.971397
"2019-02-11",106.199997,106.580002,104.970001,105.25,18914100,101.566093
"2019-02-12",106.139999,107.139999,105.480003,106.889999,25056600,103.148697
"2019-02-13",107.5,107.779999,106.709999,106.809998,18394900,103.071495
"2019-02-14",106.309998,107.290001,105.660004,106.900002,21784700,103.158348
"2019-02-15",107.910004,108.300003,107.360001,108.220001,26606900,104.432152
"2019-02-19",107.790001,108.660004,107.779999,108.169998,18038500,104.383896
"2019-02-20",107.860001,107.940002,106.290001,107.150002,21607700,103.841187
"2019-02-21",106.900002,109.480003,106.870003,109.410004,29063200,106.03141
"2019-02-22",110.050003,111.199997,109.82,110.970001,27763200,107.543228
"2019-02-25",111.760002,112.18,111.260002,111.589996,23750600,108.144073
"2019-02-26",111.260002,113.239998,111.169998,112.360001,21536700,108.890297
"2019-02-27",111.690002,112.360001,110.879997,112.169998,21487100,108.706169
"2019-02-28",112.040001,112.879997,111.730003,112.029999,29083900,108.570488
"2019-03-01",112.889999,113.019997,111.669998,112.529999,23501200,109.055061
"2019-03-04",113.019997,113.25,110.800003,112.260002,26608000,108.793388
"2019-03-05",112.25,112.389999,111.230003,111.699997,19538300,108.250679
"2019-03-06",111.870003,112.660004,111.43,111.75,17687000,108.299149
"2019-03-07",111.400002,111.550003,109.870003,110.389999,25339000,106.981133
"2019-03-08",109.160004,110.709999,108.800003,110.510002,22818400,107.09742
"2019-03-11",110.989998,112.949997,110.980003,112.830002,26491600,109.345802
"2019-03-12",112.82,113.989998,112.650002,113.620003,26132700,110.111389
"2019-03-13",114.129997,115,113.779999,114.5,35513800,110.964233
"2019-03-14",114.540001,115.199997,114.330002,114.589996,30763400,111.051445
"2019-03-15",115.339996,117.25,114.589996,115.910004,54681100,112.330673
"2019-03-18",116.169998,117.610001,116.050003,117.57,31207600,113.939415
"2019-03-19",118.089996,118.440002,116.989998,117.650002,37588700,114.01696
"2019-03-20",117.389999,118.75,116.709999,117.519997,28113300,113.890961
"2019-03-21",117.139999,120.82,117.089996,120.220001,29854400,116.507576
"2019-03-22",119.5,119.589996,117.040001,117.050003,33624500,113.435471
"2019-03-25",116.559998,118.010002,116.32,117.660004,27067100,114.026642
"2019-03-26",118.620003,118.709999,116.849998,117.910004,26097700,114.268921
"2019-03-27",117.879997,118.209999,115.519997,116.769997,22733400,113.164116
"2019-03-28",117.440002,117.580002,116.129997,116.93,18334800,113.319176
"2019-03-29",118.07,118.32,116.959999,117.940002,25399800,114.297989
"2019-04-01",118.949997,119.110001,118.099998,119.019997,22789100,115.344635
"2019-04-02",119.059998,119.480003,118.519997,119.190002,18142300,115.509392
"2019-04-03",119.860001,120.43,119.150002,119.970001,22860700,116.265297
"2019-04-04",120.099998,120.230003,118.379997,119.360001,20112800,115.674149
"2019-04-05",119.389999,120.230003,119.370003,119.889999,15826200,116.187782
"2019-04-08",119.809998,120.019997,118.639999,119.93,15116200,116.22654
"2019-04-09",118.629997,119.540001,118.580002,119.279999,17612000,115.596619
"2019-04-10",119.760002,120.349998,119.540001,120.190002,16477200,116.478516
"2019-04-11",120.540001,120.849998,119.919998,120.330002,14209100,116.614174
"2019-04-12",120.639999,120.980003,120.370003,120.949997,19745100,117.21505
"2019-04-15",120.940002,121.580002,120.57,121.050003,15792600,117.311951
"2019-04-16",121.639999,121.650002,120.099998,120.769997,14071800,117.040604
"2019-04-17",121.239998,121.849998,120.540001,121.769997,19300900,118.009727
"2019-04-18",122.190002,123.519997,121.300003,123.370003,27991000,119.560303
"2019-04-22",122.620003,124,122.57,123.760002,15648700,119.938278
"2019-04-23",124.099998,125.580002,123.830002,125.440002,24025500,121.566399
"2019-04-24",125.790001,125.849998,124.519997,125.010002,31257000,121.149673
"2019-04-25",130.059998,131.369995,128.830002,129.149994,38033900,125.161812
"2019-04-26",129.699997,130.520004,129.020004,129.889999,23654900,125.878975
"2019-04-29",129.899994,130.179993,129.350006,129.770004,16324200,125.76268
"2019-04-30",129.809998,130.699997,129.389999,130.600006,24166500,126.567039
"2019-05-01",130.529999,130.649994,127.699997,127.879997,26821700,123.931046
"2019-05-02",127.980003,128,125.519997,126.209999,27350200,122.312614
"2019-05-03",127.360001,129.429993,127.25,128.899994,24911100,124.919548
"2019-05-06",126.389999,128.559998,126.110001,128.149994,24239800,124.192703
"2019-05-07",126.459999,127.18,124.220001,125.519997,36017700,121.643913
"2019-05-08",125.440002,126.370003,124.75,125.510002,28419000,121.634239
"2019-05-09",124.290001,125.790001,123.57,125.5,27235800,121.624527
"2019-05-10",124.910004,127.93,123.82,127.129997,30915100,123.204193
"2019-05-13",124.110001,125.550003,123.040001,123.349998,33944900,119.540932
"2019-05-14",123.870003,125.879997,123.699997,124.730003,25266300,120.878326
"2019-05-15",124.260002,126.709999,123.699997,126.019997,24722700,122.580536
"2019-05-16",126.75,129.380005,126.459999,128.929993,30112200,125.411125
"2019-05-17",128.309998,130.460007,127.919998,128.070007,25770500,124.574623
"2019-05-20",126.519997,127.589996,125.760002,126.220001,23706900,122.775101
"2019-05-21",127.43,127.529999,126.580002,126.900002,15293300,123.436531
"2019-05-22",126.620003,128.240005,126.519997,127.669998,15396500,124.185516
"2019-05-23",126.199997,126.290001,124.739998,126.18,23603800,122.736191
"2019-05-24",126.910004,127.419998,125.970001,126.239998,14123400,122.79454
"2019-05-28",126.980003,128,126.050003,126.160004,23128400,122.716728
"2019-05-29",125.379997,125.389999,124.040001,124.940002,22763100,121.530029
"2019-05-30",125.260002,125.760002,124.779999,125.730003,16829600,122.29847
"2019-05-31",124.230003,124.620003,123.32,123.68,26646800,120.30442
"2019-06-03",123.849998,124.370003,119.010002,119.839996,37983600,116.569221
"2019-06-04",121.279999,123.279999,120.650002,123.160004,29382600,119.798615
"2019-06-05",124.949997,125.870003,124.209999,125.830002,24926100,122.395737
"2019-06-06",126.440002,127.970001,125.599998,127.82,21459000,124.331421
"2019-06-07",129.190002,132.25,128.259995,131.399994,33885600,127.813721
"2019-06-10",132.399994,134.080002,132,132.600006,26477100,128.980972
"2019-06-11",133.880005,134.240005,131.279999,132.100006,23913700,128.494598
"2019-06-12",131.399994,131.970001,130.710007,131.490005,17092500,127.901245
"2019-06-13",131.979996,133,131.559998,132.320007,17200800,128.708633
"2019-06-14",132.259995,133.789993,131.639999,132.449997,17821700,128.835037
"2019-06-17",132.630005,133.729996,132.529999,132.850006,14517800,129.224152
"2019-06-18",134.190002,135.240005,133.570007,135.160004,25934500,131.4711
"2019-06-19",135,135.929993,133.809998,135.690002,23744400,131.986649
"2019-06-20",137.449997,137.660004,135.720001,136.949997,33042600,133.21225
"2019-06-21",136.580002,137.729996,136.460007,136.970001,36727900,133.231689
"2019-06-24",137,138.399994,137,137.779999,20628800,134.019577
"2019-06-25",137.25,137.589996,132.729996,133.429993,33327400,129.7883
"2019-06-26",134.350006,135.740005,133.600006,133.929993,23657700,130.274628
"2019-06-27",134.139999,134.710007,133.509995,134.149994,16557500,130.488647
"2019-06-28",134.570007,134.600006,133.160004,133.960007,30043000,130.303864
"2019-07-01",136.630005,136.699997,134.970001,135.679993,22613500,131.976898
"2019-07-02",136.119995,136.589996,135.339996,136.580002,15237800,132.852341
"2019-07-03",136.800003,137.740005,136.289993,137.460007,13629300,133.708328
"2019-07-05",135.940002,137.330002,135.720001,137.059998,18141100,133.319244
"2019-07-08",136.399994,137.100006,135.369995,136.960007,16779700,133.221954
"2019-07-09",136,136.970001,135.800003,136.460007,19953100,132.735626
"2019-07-10",137.130005,138.580002,137.020004,137.850006,24204400,134.087692
"2019-07-11",138.199997,139.220001,137.869995,138.399994,22327900,134.62265
"2019-07-12",138.850006,139.130005,138.009995,138.899994,18936800,135.108994
"2019-07-15",139.440002,139.539993,138.460007,138.899994,16651500,135.108994
"2019-07-16",138.960007,139.050003,136.520004,137.080002,22726100,133.338699
"2019-07-17",137.699997,137.929993,136.220001,136.270004,20211000,132.550781
"2019-07-18",135.550003,136.619995,134.669998,136.419998,30381800,132.696686
"2019-07-19",140.220001,140.669998,136.449997,136.619995,48992400,132.891235
"2019-07-22",137.410004,139.190002,137.330002,138.429993,25074900,134.651855
"2019-07-23",139.759995,139.990005,138.029999,139.289993,18034600,135.488388
"2019-07-24",138.899994,140.740005,138.850006,140.720001,20738300,136.879349
"2019-07-25",140.429993,140.610001,139.320007,140.190002,18356900,136.3638
"2019-07-26",140.369995,141.679993,140.300003,141.339996,19037600,137.482437
"2019-07-29",141.5,141.509995,139.369995,141.029999,16605900,137.180893
"2019-07-30",140.139999,141.220001,139.800003,140.350006,16846500,136.51944
"2019-07-31",140.330002,140.490005,135.080002,136.270004,38598800,132.550781
"2019-08-01",137,140.940002,136.929993,138.059998,40557500,134.291931
"2019-08-02",138.089996,138.320007,135.259995,136.899994,30791600,133.163574
"2019-08-05",133.300003,133.929993,130.779999,132.210007,42749600,128.601624
"2019-08-06",133.800003,135.679993,133.210007,134.690002,32696700,131.013931
"2019-08-07",133.789993,135.649994,131.830002,135.279999,33414500,131.58783
"2019-08-08",136.600006,138.990005,135.929993,138.889999,27496500,135.099304
"2019-08-09",138.610001,139.380005,136.460007,137.710007,23466700,133.951492
"2019-08-12",137.070007,137.860001,135.240005,135.789993,20484300,132.083893
"2019-08-13",136.050003,138.800003,135,138.600006,25154600,134.817215
"2019-08-14",136.360001,136.919998,133.669998,133.979996,32527300,130.757248
"2019-08-15",134.389999,134.580002,132.25,133.679993,28074400,130.464478
"2019-08-16",134.880005,136.460007,134.720001,136.130005,24449100,132.85556
"2019-08-19",137.850006,138.550003,136.889999,138.410004,24355700,135.080719
"2019-08-20",138.210007,138.710007,137.240005,137.259995,21170800,133.958374
"2019-08-21",138.550003,139.490005,138,138.789993,14970300,135.451569
"2019-08-22",138.660004,139.199997,136.289993,137.779999,18697000,134.465866
"2019-08-23",137.190002,138.350006,132.800003,133.389999,38508600,130.181473
"2019-08-26",134.990005,135.559998,133.899994,135.449997,20312600,132.191925
"2019-08-27",136.389999,136.720001,134.660004,135.740005,23102100,132.47493
"2019-08-28",134.880005,135.759995,133.550003,135.559998,17393300,132.299255
"2019-08-29",137.25,138.440002,136.910004,138.119995,20168700,134.797684
"2019-08-30",139.149994,139.179993,136.270004,137.860001,23940100,134.543945
"2019-09-03",136.610001,137.199997,135.699997,136.039993,18869300,132.7677
"2019-09-04",137.300003,137.690002,136.479996,137.630005,17995900,134.319443
"2019-09-05",139.110001,140.380005,138.759995,140.050003,26101800,136.68129
"2019-09-06",140.029999,140.179993,138.199997,139.100006,20824500,135.754135
"2019-09-09",139.589996,139.75,136.460007,137.520004,25773900,134.212112
"2019-09-10",136.800003,136.889999,134.509995,136.080002,28903400,132.806763
"2019-09-11",135.910004,136.270004,135.089996,136.119995,24726100,132.84581
"2019-09-12",137.850006,138.419998,136.869995,137.520004,27010000,134.212112
"2019-09-13",137.779999,138.059998,136.570007,137.320007,23363100,134.016953
"2019-09-16",135.830002,136.699997,135.660004,136.330002,16731400,133.050781
"2019-09-17",136.960007,137.520004,136.429993,137.389999,17814200,134.085251
"2019-09-18",137.360001,138.669998,136.529999,138.520004,23982100,135.18808
"2019-09-19",140.300003,142.369995,140.070007,141.070007,35772100,137.676712
"2019-09-20",141.009995,141.649994,138.25,139.440002,39167300,136.085922
"2019-09-23",139.229996,139.630005,138.440002,139.139999,17139300,135.793152
"2019-09-24",140.360001,140.690002,136.880005,137.380005,29773200,134.0755
"2019-09-25",137.5,139.960007,136.029999,139.360001,21382000,136.007874
"2019-09-26",139.440002,140.179993,138.440002,139.539993,17456600,136.183517
"2019-09-27",140.149994,140.360001,136.649994,137.729996,22477700,134.417053
"2019-09-30",138.050003,139.220001,137.779999,139.029999,17280900,135.685791
"2019-10-01",139.660004,140.25,137,137.070007,21466600,133.772949
"2019-10-02",136.25,136.369995,133.580002,134.649994,30521700,131.411133
"2019-10-03",134.949997,136.75,133.220001,136.279999,24132900,133.001953
"2019-10-04",136.75,138.25,136.419998,138.119995,22897700,134.797684
"2019-10-07",137.139999,138.179993,137.020004,137.119995,15303700,133.821747
"2019-10-08",137.080002,137.759995,135.619995,135.669998,25550500,132.406631
"2019-10-09",137.460007,138.699997,136.970001,138.240005,19749900,134.914825
"2019-10-10",138.490005,139.669998,138.25,139.100006,17654600,135.754135
"2019-10-11",140.119995,141.029999,139.5,139.679993,25446000,136.32016
"2019-10-14",139.690002,140.289993,139.520004,139.550003,13304300,136.193298
"2019-10-15",140.059998,141.789993,139.809998,141.570007,19695700,138.164688
"2019-10-16",140.789993,140.990005,139.529999,140.410004,20751600,137.032608
"2019-10-17",140.949997,141.419998,139.020004,139.690002,21460600,136.329941
"2019-10-18",139.759995,140,136.559998,137.410004,32273500,134.104782
"2019-10-21",138.449997,138.5,137.009995,138.429993,20078200,135.10022
"2019-10-22",138.970001,140.009995,136.259995,136.369995,27431000,133.089798
"2019-10-23",136.880005,137.449997,135.610001,137.240005,29844600,133.938889
"2019-10-24",139.389999,140.419998,138.669998,139.940002,37029300,136.573898
"2019-10-25",139.339996,141.139999,139.199997,140.729996,25959700,137.344925
"2019-10-28",144.399994,145.669998,143.509995,144.190002,35280100,140.72168
"2019-10-29",144.080002,144.5,142.649994,142.830002,20589500,139.394394
"2019-10-30",143.520004,145,142.789993,144.610001,18496600,141.131592
"2019-10-31",144.899994,144.929993,142.990005,143.369995,24605100,139.921417
"2019-11-01",144.259995,144.419998,142.970001,143.720001,33128400,140.262985
"2019-11-04",144.830002,145,144.160004,144.550003,16912000,141.073029
"2019-11-05",144.970001,145.020004,143.910004,144.460007,18250200,140.985214
"2019-11-06",144.369995,144.520004,143.199997,144.059998,16575800,140.594803
"2019-11-07",143.839996,144.880005,143.770004,144.259995,17786700,140.789978
"2019-11-08",143.979996,145.990005,143.759995,145.960007,16732700,142.449127
"2019-11-11",145.339996,146.419998,144.729996,146.110001,14362600,142.595505
"2019-11-12",146.279999,147.570007,146.059998,147.070007,18641600,143.53241
"2019-11-13",146.740005,147.460007,146.279999,147.309998,16919200,143.766632
"2019-11-14",147.020004,148.410004,147,148.059998,19729800,144.498566
"2019-11-15",148.929993,149.990005,148.270004,149.970001,23485700,146.362671
"2019-11-18",150.070007,150.550003,148.979996,150.339996,21534000,146.723755
"2019-11-19",150.880005,151.330002,150.199997,150.389999,23935700,146.772552
"2019-11-20",150.309998,150.839996,148.460007,149.619995,25696800,146.517929
"2019-11-21",149.399994,149.800003,148.5,149.479996,18576100,146.380844
"2019-11-22",150.070007,150.300003,148.820007,149.589996,15901800,146.488525
"2019-11-25",150,151.350006,149.919998,151.229996,22420900,148.094574
"2019-11-26",151.360001,152.419998,151.320007,152.029999,24620100,148.877975
"2019-11-27",152.330002,152.5,151.520004,152.320007,15184400,149.161972
"2019-11-29",152.100006,152.300003,151.279999,151.380005,11977300,148.24147
"2019-12-02",151.809998,151.830002,148.320007,149.550003,27418400,146.449387
"2019-12-03",147.490005,149.429993,146.649994,149.309998,24066000,146.214371
"2019-12-04",150.139999,150.179993,149.199997,149.850006,17574700,146.74321
"2019-12-05",150.050003,150.320007,149.479996,149.929993,17869100,146.821518
"2019-12-06",150.990005,151.869995,150.270004,151.75,16403500,148.60379
"2019-12-09",151.070007,152.210007,150.910004,151.360001,16687400,148.221863
"2019-12-10",151.289993,151.889999,150.759995,151.130005,16476100,147.996658
"2019-12-11",151.539993,151.869995,150.330002,151.699997,18856600,148.55481
"2019-12-12",151.649994,153.440002,151.020004,153.240005,24612100,150.062897
"2019-12-13",153,154.889999,152.830002,154.529999,23845400,151.326157
"2019-12-16",155.110001,155.899994,154.820007,155.529999,24144200,152.305389
"2019-12-17",155.449997,155.710007,154.449997,154.690002,25425600,151.482834
"2019-12-18",154.300003,155.479996,154.179993,154.369995,24129200,151.169464
"2019-12-19",154,155.770004,153.75,155.710007,24958900,152.48172
"2019-12-20",157.350006,158.490005,156.289993,157.410004,53477500,154.146439
"2019-12-23",158.119995,158.119995,157.270004,157.410004,17718200,154.146439
"2019-12-24",157.479996,157.710007,157.119995,157.380005,8989200,154.117035
"2019-12-26",157.559998,158.729996,157.399994,158.669998,14520600,155.380325
"2019-12-27",159.449997,159.550003,158.220001,158.960007,18412800,155.664322
"2019-12-30",158.990005,159.020004,156.729996,157.589996,16348400,154.322708
"2019-12-31",156.770004,157.770004,156.449997,157.699997,18369400,154.430389
"2020-01-02",158.779999,160.729996,158.330002,160.619995,22622100,157.289871
"2020-01-03",158.320007,159.949997,158.059998,158.619995,21116200,155.331345
"2020-01-06",157.080002,159.100006,156.509995,159.029999,20813700,155.732834
"2020-01-07",159.320007,159.669998,157.320007,157.580002,21634100,154.312897
"2020-01-08",158.929993,160.800003,157.949997,160.089996,27746500,156.770889
"2020-01-09",161.839996,162.220001,161.029999,162.089996,21385000,158.729401
"2020-01-10",162.820007,163.220001,161.179993,161.339996,20725900,157.994949
"2020-01-13",161.759995,163.309998,161.259995,163.279999,21626500,159.894714
"2020-01-14",163.389999,163.600006,161.720001,162.130005,23477400,158.7686
"2020-01-15",162.619995,163.940002,162.570007,163.179993,21417900,159.796783
"2020-01-16",164.350006,166.240005,164.029999,166.169998,23865400,162.724808
"2020-01-17",167.419998,167.470001,165.429993,167.100006,34371700,163.635559
"2020-01-21",166.679993,168.190002,166.429993,166.5,29517200,163.047958
"2020-01-22",167.399994,167.490005,165.679993,165.699997,24138800,162.264557
"2020-01-23",166.190002,166.800003,165.270004,166.720001,19680800,163.263428
"2020-01-24",167.509995,167.529999,164.449997,165.039993,24918100,161.618225
"2020-01-27",161.149994,163.380005,160.199997,162.279999,32078100,158.915482
"2020-01-28",163.779999,165.759995,163.070007,165.460007,24899900,162.029556
"2020-01-29",167.839996,168.75,165.690002,168.039993,34754500,164.55603
"2020-01-30",174.050003,174.050003,170.789993,172.779999,51597500,169.197769
"2020-01-31",172.210007,172.399994,169.580002,170.229996,36142700,166.700638
"2020-02-03",170.429993,174.5,170.399994,174.380005,30107000,170.764618
"2020-02-04",177.139999,180.639999,176.309998,180.119995,36433300,176.38559
"2020-02-05",184.029999,184.199997,178.410004,179.899994,39186300,176.170135
"2020-02-06",180.970001,183.820007,180.059998,183.630005,27751400,179.822815
"2020-02-07",182.850006,185.630005,182.479996,183.889999,33529100,180.077438
"2020-02-10",183.580002,188.839996,183.25,188.699997,35844300,184.787689
"2020-02-11",190.649994,190.699997,183.5,184.440002,53159900,180.616028
"2020-02-12",185.580002,185.850006,181.850006,184.710007,47062900,180.880432
"2020-02-13",183.080002,186.229996,182.869995,183.710007,35295800,179.901184
"2020-02-14",183.25,185.410004,182.649994,185.350006,23149500,181.507172
"2020-02-18",185.610001,187.699997,185.5,187.229996,27792200,183.34819
"2020-02-19",188.059998,188.179993,186.470001,187.279999,29997500,183.898056
"2020-02-20",186.949997,187.25,181.100006,184.419998,36862400,181.089722
"2020-02-21",183.169998,183.5,177.25,178.589996,48572600,175.36499
"2020-02-24",167.770004,174.550003,163.229996,170.889999,68311100,167.804047
"2020-02-25",174.199997,174.839996,167.649994,168.070007,68073300,165.034973
"2020-02-26",169.710007,173.259995,168.210007,170.169998,56206100,167.097031
"2020-02-27",163.320007,167.029999,157.979996,158.179993,93174900,155.323547
"2020-02-28",152.410004,163.710007,152,162.009995,97012700,159.084396
"2020-03-02",165.309998,172.919998,162.309998,172.789993,71030800,169.669724
"2020-03-03",173.800003,175,162.259995,164.509995,71677000,161.539246
"2020-03-04",168.490005,170.699997,165.619995,170.550003,49814400,167.470184
"2020-03-05",166.050003,170.869995,165.690002,166.270004,47817300,163.267471
"2020-03-06",162.610001,163.110001,156,161.570007,72821100,158.652374
"2020-03-09",151,157.75,150,150.619995,70419300,147.900085
"2020-03-10",158.160004,161.029999,152.580002,160.919998,65354400,158.014069
"2020-03-11",157.130005,157.699997,151.149994,153.630005,56371600,150.855713
"2020-03-12",145.300003,153.470001,138.580002,139.059998,93226400,136.548828
"2020-03-13",147.5,161.910004,140.729996,158.830002,92727400,155.961838
"2020-03-16",140,149.350006,135,135.419998,87905900,132.974564
"2020-03-17",140,147.5,135,146.570007,81059800,143.923203
"2020-03-18",138,146,135.020004,140.399994,81593200,137.864639
"2020-03-19",142.770004,150.149994,139,142.710007,85922700,140.132935
"2020-03-20",146,147.100006,135.860001,137.350006,84866200,134.869705
"2020-03-23",137.009995,140.570007,132.520004,135.979996,78975200,133.524445
"2020-03-24",143.75,149.600006,141.270004,148.339996,82516700,145.66124
"2020-03-25",148.910004,154.330002,144.440002,146.919998,75638200,144.266907
"2020-03-26",148.399994,156.660004,148.369995,156.110001,64568100,153.290955
"2020-03-27",151.75,154.889999,149.199997,149.699997,57042300,146.996704
"2020-03-30",152.440002,160.600006,150.009995,160.229996,63420300,157.336548
"2020-03-31",159.399994,164.779999,156.559998,157.710007,77927200,154.862061
"2020-04-01",153,157.75,150.820007,152.110001,57969900,149.363174
"2020-04-02",151.860001,155.479996,150.360001,155.259995,49630700,152.456284
"2020-04-03",155.100006,157.380005,152.190002,153.830002,41243300,151.052094
"2020-04-06",160.320007,166.5,157.580002,165.270004,67111700,162.285538
"2020-04-07",169.589996,170,163.259995,163.490005,62769000,160.537689
"2020-04-08",165.669998,166.669998,163.5,165.130005,48318200,162.148056
"2020-04-09",166.360001,167.369995,163.330002,165.139999,51385100,162.157867
"2020-04-13",164.350006,165.570007,162.300003,165.509995,41905300,162.521194
"2020-04-14",169,173.75,168,173.699997,52874300,170.563293
"2020-04-15",171.199997,173.570007,169.240005,171.880005,40940800,168.776169
"2020-04-16",174.300003,177.279999,172.899994,177.039993,50479600,173.843002
"2020-04-17",179.5,180,175.869995,178.600006,52765600,175.374817
"2020-04-20",176.630005,178.75,174.990005,175.059998,36669600,171.898712
"2020-04-21",173.5,173.669998,166.110001,167.820007,56203700,164.78949
"2020-04-22",171.389999,174,170.820007,173.520004,34620200,170.386551
"2020-04-23",174.110001,175.059998,170.910004,171.419998,32790800,168.324478
"2020-04-24",172.059998,174.559998,170.710007,174.550003,34277600,171.397934
"2020-04-27",176.589996,176.899994,173.300003,174.050003,33194400,170.906967
"2020-04-28",175.589996,175.669998,169.389999,169.809998,34392700,166.743546
"2020-04-29",173.220001,177.679993,171.880005,177.429993,51286600,174.225937
"2020-04-30",180,180.399994,176.229996,179.210007,53875900,175.973816
"2020-05-01",175.800003,178.639999,174.009995,174.570007,39370500,171.417618
"2020-05-04",174.490005,179,173.800003,178.839996,30372900,175.610458
"2020-05-05",180.619995,183.649994,179.899994,180.759995,36839200,177.495804
"2020-05-06",182.080002,184.199997,181.630005,182.539993,32139300,179.243652
"2020-05-07",184.169998,184.550003,182.580002,183.600006,28316000,180.284531
"2020-05-08",184.979996,185,183.360001,184.679993,30877800,181.345016
"2020-05-11",183.149994,187.509995,182.850006,186.740005,30892700,183.367828
"2020-05-12",186.800003,187.039993,182.300003,182.509995,32038200,179.214218
"2020-05-13",182.550003,184.050003,176.539993,179.75,44711500,176.504059
"2020-05-14",177.539993,180.690002,175.679993,180.529999,41873900,177.269958
"2020-05-15",179.059998,187.059998,177,183.160004,46610400,179.852478
"2020-05-18",185.75,186.199997,183.960007,184.910004,35264500,181.570862
"2020-05-19",185.029999,186.600006,183.490005,183.630005,26799100,180.313965
"2020-05-20",184.809998,185.850006,183.940002,185.660004,31261300,182.815048
"2020-05-21",185.399994,186.669998,183.289993,183.429993,29119500,180.619217
"2020-05-22",183.190002,184.460007,182.539993,183.509995,20826900,180.697983
"2020-05-26",186.339996,186.5,181.100006,181.570007,36073600,178.787735
"2020-05-27",180.199997,181.990005,176.600006,181.809998,39517100,179.024063
"2020-05-28",180.740005,184.149994,180.380005,181.399994,33810200,178.620331
"2020-05-29",182.729996,184.270004,180.410004,183.25,42130400,180.441971
"2020-06-01",182.539993,183,181.460007,182.830002,22622400,180.028427
"2020-06-02",184.25,185,181.350006,184.910004,30794600,182.076553
"2020-06-03",184.820007,185.940002,183.580002,185.360001,27311000,182.519669
"2020-06-04",184.300003,185.839996,182.300003,182.919998,28761800,180.117035
"2020-06-05",182.619995,187.729996,182.009995,187.199997,39893600,184.331451
"2020-06-08",185.940002,188.550003,184.440002,188.360001,33211600,185.473694
"2020-06-09",188,190.699997,187.259995,189.800003,29783900,186.891632
"2020-06-10",191.130005,198.520004,191.009995,196.839996,43872300,193.823746
"2020-06-11",193.130005,195.759995,186.070007,186.270004,52854700,183.41571
"2020-06-12",190.539993,191.720001,185.179993,187.740005,43373600,184.863205
"2020-06-15",184.580002,190.820007,184.009995,188.940002,32770200,186.0448
"2020-06-16",192.889999,195.580002,191.460007,193.570007,42556700,190.603867
"2020-06-17",195.029999,196.320007,193.690002,194.240005,25687800,191.26358
"2020-06-18",194,196.490005,194,196.320007,23061600,193.311737
"2020-06-19",198.589996,199.289993,194.369995,195.149994,44441100,192.159637
"2020-06-22",195.789993,200.759995,195.229996,200.570007,32818900,197.496613
"2020-06-23",202.089996,203.949997,201.429993,201.910004,30917400,198.816055
"2020-06-24",201.600006,203.25,196.559998,197.839996,36740600,194.808426
"2020-06-25",197.800003,200.610001,195.470001,200.339996,27803900,197.270096
"2020-06-26",199.729996,199.889999,194.880005,196.330002,54675800,193.321548
"2020-06-29",195.779999,198.529999,193.550003,198.440002,26701600,195.399246
"2020-06-30",197.880005,204.399994,197.740005,203.509995,34310300,200.391525
"2020-07-01",203.139999,206.350006,201.770004,204.699997,32061200,201.563309
"2020-07-02",205.679993,208.020004,205,206.259995,29315800,203.099396
"2020-07-06",208.830002,211.130005,208.089996,210.699997,31897600,207.471359
"2020-07-07",210.449997,214.669998,207.990005,208.25,33600700,205.058899
"2020-07-08",210.070007,213.259995,208.690002,212.830002,33600000,209.568741
"2020-07-09",216.330002,216.380005,211.470001,214.320007,33121700,211.035919
"2020-07-10",213.619995,214.080002,211.080002,213.669998,26177600,210.395859
"2020-07-13",214.479996,215.800003,206.5,207.070007,38135600,203.897003
"2020-07-14",206.130005,208.850006,202.029999,208.350006,37591800,205.157394
"2020-07-15",209.559998,211.330002,205.029999,208.039993,32179400,204.852127
"2020-07-16",205.399994,205.699997,202.309998,203.919998,29940700,200.795258
"2020-07-17",204.470001,205.039993,201.389999,202.880005,31635300,199.771194
"2020-07-20",205,212.300003,203.009995,211.600006,36884800,208.35759
"2020-07-21",213.660004,213.940002,208.029999,208.75,37990400,205.551239
"2020-07-22",209.199997,212.300003,208.389999,211.75,49605700,208.505249
"2020-07-23",207.190002,210.919998,202.149994,202.539993,67457000,199.436401
"2020-07-24",200.419998,202.860001,197.509995,201.300003,39827000,198.215408
"2020-07-27",201.470001,203.970001,200.860001,203.850006,30160900,200.726349
"2020-07-28",203.610001,204.699997,201.740005,202.020004,23251400,198.924377
"2020-07-29",202.5,204.649994,202.009995,204.059998,19632600,200.933136
"2020-07-30",201,204.460007,199.570007,203.899994,25079600,200.775589
"2020-07-31",204.399994,205.100006,199.009995,205.009995,51044000,201.868546
"2020-08-03",211.520004,217.639999,210.440002,216.539993,78983000,213.221878
"2020-08-04",214.169998,214.770004,210.309998,213.289993,49280100,210.021652
"2020-08-05",214.899994,215,211.570007,212.940002,28806400,209.677032
"2020-08-06",212.339996,216.369995,211.550003,216.350006,32656800,213.034775
"2020-08-07",214.850006,215.699997,210.929993,212.479996,27820400,209.224091
"2020-08-10",211.669998,211.880005,206.350006,208.25,36716500,205.058899
"2020-08-11",207.160004,207.649994,203.139999,203.380005,36446500,200.263519
"2020-08-12",205.289993,210.279999,204.75,209.190002,28013100,205.984528
"2020-08-13",209.440002,211.350006,208.149994,208.699997,22588900,205.501999
"2020-08-14",208.759995,209.589996,207.509995,208.899994,17958900,205.698944
"2020-08-17",209.600006,211.190002,208.919998,210.279999,20184800,207.057816
"2020-08-18",210.529999,212.360001,209.210007,211.490005,21336200,208.249252
"2020-08-19",211.490005,212.100006,209.25,209.699997,27627600,206.98584
"2020-08-20",209.539993,215,208.910004,214.580002,26981500,211.802673
"2020-08-21",213.860001,216.25,212.850006,213.020004,36249300,210.262878
"2020-08-24",214.789993,215.520004,212.429993,213.690002,25460100,210.924194
"2020-08-25",213.100006,216.610001,213.100006,216.470001,23043700,213.668198
"2020-08-26",217.880005,222.089996,217.360001,221.149994,39600800,218.287613
"2020-08-27",222.889999,231.149994,219.399994,226.580002,57602200,223.647339
"2020-08-28",228.179993,230.639999,226.580002,228.910004,26292900,225.947189
"2020-08-31",227,228.699997,224.309998,225.529999,28774200,222.610931
"2020-09-01",225.509995,227.449997,224.429993,227.270004,25725500,224.32843
"2020-09-02",227.970001,232.860001,227.350006,231.649994,34080800,228.651718
"2020-09-03",229.270004,229.309998,214.960007,217.300003,58400300,214.487473
"2020-09-04",215.100006,218.360001,205.190002,214.25,59664100,211.476944
"2020-09-08",206.5,210.029999,202.199997,202.660004,52924300,200.036957
"2020-09-09",207.600006,214.839996,206.699997,211.289993,45679000,208.555252
"2020-09-10",213.399994,214.740005,204.110001,205.369995,35461500,202.711868
"2020-09-11",207.199997,208.630005,201.240005,204.029999,33620100,201.389221
"2020-09-14",204.240005,209.199997,204.029999,205.410004,30375800,202.751358
"2020-09-15",208.419998,209.779999,206.929993,208.779999,21823900,206.077744
"2020-09-16",210.619995,210.649994,204.639999,205.050003,26328100,202.396027
"2020-09-17",200.050003,204.330002,199.960007,202.910004,34011300,200.283707
"2020-09-18",202.800003,203.649994,196.25,200.389999,55225300,197.796326
"2020-09-21",197.190002,202.710007,196.380005,202.539993,39839700,199.918503
"2020-09-22",205.059998,208.100006,202.080002,207.419998,33517100,204.735336
"2020-09-23",207.899994,208.100006,200.029999,200.589996,30803800,197.993774
"2020-09-24",199.850006,205.570007,199.199997,203.190002,31202500,200.560104
"2020-09-25",203.550003,209.039993,202.539993,207.820007,29437300,205.130157
"2020-09-28",210.880005,212.570007,208.059998,209.440002,32004900,206.729202
"2020-09-29",209.350006,210.070007,206.809998,207.259995,24221900,204.577408
"2020-09-30",207.729996,211.979996,206.539993,210.330002,33829100,207.607681
"2020-10-01",213.490005,213.990005,211.320007,212.460007,27158400,209.710129
"2020-10-02",208,210.990005,205.539993,206.190002,33154800,203.521255
"2020-10-05",207.220001,210.410004,206.979996,210.380005,21331600,207.657043
"2020-10-06",208.820007,210.179993,204.820007,205.910004,28554300,203.244888
"2020-10-07",207.059998,210.110001,206.720001,209.830002,25681100,207.114136
"2020-10-08",210.509995,211.190002,208.320007,210.580002,19925800,207.854446
"2020-10-09",211.229996,215.860001,211.229996,215.809998,26458000,213.016754
"2020-10-12",218.789993,223.860001,216.809998,221.399994,40461400,218.534409
"2020-10-13",222.720001,225.210007,220.429993,222.860001,28950800,219.975494
"2020-10-14",223,224.220001,219.130005,220.860001,23421700,218.001373
"2020-10-15",217.100006,220.360001,216.009995,219.660004,22733100,216.816925
"2020-10-16",220.149994,222.289993,219.320007,219.660004,26057900,216.816925
"2020-10-19",220.419998,222.300003,213.720001,214.220001,27625800,211.447342
"2020-10-20",215.800003,217.369995,213.089996,214.649994,22753500,211.871765
"2020-10-21",213.119995,216.919998,213.119995,214.800003,22724900,212.019806
"2020-10-22",213.929993,216.059998,211.699997,214.889999,22351500,212.108658
"2020-10-23",215.029999,216.279999,213.160004,216.229996,18879600,213.431305
"2020-10-26",213.850006,216.339996,208.100006,210.080002,37111600,207.360931
"2020-10-27",211.589996,214.669998,210.330002,213.25,36700300,210.489883
"2020-10-28",207.669998,208.839996,202.100006,202.679993,51195600,200.056686
"2020-10-29",204.070007,207.360001,203.369995,204.720001,31432600,202.070267
"2020-10-30",203.5,204.289993,199.619995,202.470001,36953700,199.84938
"2020-11-02",204.289993,205.279999,200.119995,202.330002,30842200,199.711212
"2020-11-03",203.889999,208.119995,203.119995,206.429993,27512000,203.758148
"2020-11-04",214.020004,218.320007,212.419998,216.389999,42311800,213.589249
"2020-11-05",222.039993,224.119995,221.149994,223.289993,36080100,220.399918
"2020-11-06",222.259995,224.360001,218.029999,223.720001,25231900,220.824371
"2020-11-09",224.440002,228.119995,217.880005,218.389999,44395000,215.563354
"2020-11-10",214.5,216.5,209.720001,211.009995,44045100,208.27887
"2020-11-11",212.389999,218.039993,212.199997,216.550003,29440800,213.747177
"2020-11-12",217.210007,219.110001,214.460007,215.440002,21593900,212.65155
"2020-11-13",216.360001,217.419998,214.160004,216.509995,18621100,213.707703
"2020-11-16",214.869995,217.740005,214.520004,217.229996,24953300,214.418365
"2020-11-17",216.100006,217.679993,214.080002,214.460007,24154100,211.68425
"2020-11-18",213.649994,215.169998,210.929993,211.080002,28372800,208.893433
"2020-11-19",211.380005,213.029999,209.929993,212.419998,24792700,210.219559
"2020-11-20",212.199997,213.289993,210,210.389999,22843100,208.210587
"2020-11-23",210.949997,212.289993,208.160004,210.110001,25683500,207.933487
"2020-11-24",209.589996,214.25,208.860001,213.860001,33979700,211.644638
"2020-11-25",215.110001,215.289993,212.460007,213.869995,21012900,211.654556
"2020-11-27",214.850006,216.270004,214.039993,215.229996,14512200,213.000443
"2020-11-30",214.100006,214.759995,210.839996,214.070007,33064800,211.852478
"2020-12-01",214.509995,217.320007,213.350006,216.210007,30904500,213.970306
"2020-12-02",214.880005,215.470001,212.800003,215.369995,23724500,213.138992
"2020-12-03",214.610001,216.380005,213.649994,214.240005,25120900,212.020706
"2020-12-04",214.220001,215.380005,213.179993,214.360001,24666000,212.13945
"2020-12-07",214.369995,215.539993,212.990005,214.289993,24620000,212.070175
"2020-12-08",213.970001,216.949997,212.889999,216.009995,23284100,213.772369
"2020-12-09",215.160004,215.229996,211.210007,211.800003,32440600,209.605988
"2020-12-10",211.770004,213.080002,210.360001,210.520004,26733300,208.339233
"2020-12-11",210.050003,213.320007,209.110001,213.259995,30979400,211.050842
"2020-12-14",213.100006,216.210007,212.880005,214.199997,28798400,211.98111
"2020-12-15",215.169998,215.419998,212.240005,214.130005,27000600,211.91185
"2020-12-16",214.75,220.110001,214.720001,219.279999,35023300,217.008484
"2020-12-17",219.869995,220.889999,217.919998,219.419998,32515800,217.147034
"2020-12-18",218.589996,219.690002,216.020004,218.589996,63354900,216.325638
"2020-12-21",217.550003,224,217.279999,222.589996,37181900,220.284195
"2020-12-22",222.690002,225.630005,221.850006,223.940002,22612200,221.620224
"2020-12-23",223.110001,223.559998,220.800003,221.020004,18699600,218.730469
"2020-12-24",221.419998,223.610001,221.199997,222.75,10550600,220.442551
"2020-12-28",224.449997,226.029999,223.020004,224.960007,17933500,222.629654
"2020-12-29",226.309998,227.179993,223.580002,224.149994,17403200,221.828033
"2020-12-30",225.229996,225.630005,221.470001,221.679993,20272300,219.383636
"2020-12-31",221.699997,223,219.679993,222.419998,20942100,220.115967
"2021-01-04",222.529999,223,214.809998,217.690002,37130100,215.434967
"2021-01-05",217.259995,218.520004,215.699997,217.899994,23823000,215.642776
"2021-01-06",212.169998,216.490005,211.940002,212.25,35930700,210.051315
"2021-01-07",214.039993,219.339996,213.710007,218.289993,27694500,216.028732
"2021-01-08",218.679993,220.580002,217.029999,219.619995,22956200,217.344986
"2021-01-11",218.470001,218.910004,216.729996,217.490005,23031300,215.23703
"2021-01-12",216.5,217.100006,213.320007,214.929993,23249300,212.703568
"2021-01-13",214.020004,216.759995,213.929993,216.339996,20087100,214.098938
"2021-01-14",215.910004,217.460007,212.740005,213.020004,29480800,210.813354
"2021-01-15",213.520004,214.509995,212.029999,212.649994,31746500,210.447144
"2021-01-19",213.75,216.979996,212.630005,216.440002,30480900,214.197922
"2021-01-20",217.699997,225.789993,217.289993,224.339996,37777300,222.016083
"2021-01-21",224.699997,226.300003,222.419998,224.970001,30709400,222.639557
"2021-01-22",227.080002,230.070007,225.800003,225.949997,30172700,223.60939
"2021-01-25",229.119995,229.779999,224.220001,229.529999,33152100,227.152344
"2021-01-26",231.860001,234.179993,230.080002,232.330002,49169600,229.923309
"2021-01-27",238,240.440002,230.139999,232.899994,69870600,230.487411
"2021-01-28",235.610001,242.639999,235.089996,238.929993,49111200,236.454941
"2021-01-29",235.990005,238.020004,231.350006,231.960007,42503100,229.557144
"2021-02-01",235.059998,242.5,232.429993,239.649994,33314200,237.16748
"2021-02-02",241.300003,242.309998,238.690002,239.509995,25916300,237.028931
"2021-02-03",239.570007,245.089996,239.259995,243,27158100,240.482773
"2021-02-04",242.660004,243.240005,240.369995,242.009995,25296100,239.503036
"2021-02-05",242.229996,243.279999,240.419998,242.199997,18054800,239.691055
"2021-02-08",243.149994,243.679993,240.809998,242.470001,22211900,239.958267
"2021-02-09",241.869995,244.759995,241.380005,243.770004,23565000,241.244812
"2021-02-10",245,245.919998,240.889999,242.820007,22186700,240.304642
"2021-02-11",244.779999,245.149994,242.149994,244.490005,15751100,241.957336
"2021-02-12",243.929993,245.300003,242.729996,244.990005,16561100,242.452164
"2021-02-16",245.029999,246.130005,242.919998,243.699997,26728500,241.175522
"2021-02-17",241.320007,244.309998,240.940002,244.199997,21653500,242.226959
"2021-02-18",241.800003,243.929993,240.860001,243.789993,16925600,241.820267
"2021-02-19",243.75,243.860001,240.179993,240.970001,25262600,239.023056
"2021-02-22",237.419998,237.929993,232.399994,234.509995,36446900,232.615234
"2021-02-23",230.330002,234.830002,228.729996,233.270004,30228700,231.385269
"2021-02-24",230.009995,235.199997,229,234.550003,26339700,232.654922
"2021-02-25",232.080002,234.589996,227.880005,228.990005,39542200,227.139847
"2021-02-26",231.529999,235.369995,229.539993,232.380005,37819200,230.502472
